driverId,name,ssn,location,certified,wage-plan
10,Jennifer Boone,300-64-3730,"2256 Alex Harbors
Amandatown, LA 83066",Y,miles
11,Jesse Jensen,887-20-8868,"4491 Palmer Pine
South Stacytown, OK 10487",N,miles
12,Kristen Duncan,481-36-3314,"02689 Elizabeth Ridge Suite 732
Paulborough, SC 02472",Y,miles
13,Lauren Harris,578-23-1773,"012 Bell Summit Suite 108
Karenhaven, NJ 72425",N,miles
14,Joseph Young,436-31-5847,"1776 Gabriel Center Suite 470
Michaelland, IL 89655",N,miles
15,Ryan Russell,702-93-8913,"19715 Palmer Alley
North Sara, LA 63262",N,hours
16,Christopher Brown,695-29-3080,"Unit 7302 Box 9161
DPO AA 73357",N,miles
17,Brenda Perez,662-02-0262,"1819 Mack Square
New Carolyn, FM 24477",N,miles
18,Daniel Sanchez,655-72-1123,"20803 Moore Plaza
Karinamouth, TX 74689",Y,hours
19,Megan Little,200-83-5513,"838 Mack Parks
Richardtown, IA 27015",Y,hours
20,Veronica Salazar,092-50-2245,"65197 Jesse Plain
Aprilland, DE 47214",Y,hours
21,Christian Miller,876-63-8462,"3618 Hood Village Suite 820
Lake Javier, OR 20611",Y,miles
22,Glenn Morgan Jr.,262-17-9937,"Unit 0201 Box 1800
DPO AE 71293",N,miles
23,Debra Evans,031-49-6926,"USNS Williams
FPO AP 86814",N,miles
24,Sherry Porter,388-66-8418,"95066 Miller Neck Apt. 130
Edwardsshire, RI 90328",N,miles
25,Elizabeth Petersen,475-97-1440,"7391 Lewis Drives
New Brittany, NC 37581",N,miles
26,Jeffrey Cohen,018-89-1601,"70946 Jennifer Terrace
Scottport, OH 39549",N,hours
27,Richard Nunez,831-12-8385,"257 Allen Circle
West Brandi, WY 39966",N,miles
28,Daniel Golden,123-65-1836,"31401 Wood Summit Suite 540
East Amystad, NE 25299",Y,hours
29,Jennifer Carter,066-25-4255,"Unit 5854 Box 2571
DPO AE 13196",N,miles
30,Colleen Cunningham,181-25-1445,"3230 Kelly Row Suite 159
Dominguezfurt, GA 19523",Y,hours
31,Michael Johnson,565-70-4615,"61034 Blanchard Stream
Jonathanland, LA 26724",N,hours
32,Ernest James,555-87-4004,"PSC 9515, Box 9697
APO AA 51304",N,miles
33,Erika Rowe,437-12-5936,"78187 Michael Hills
North Denise, PA 03714",Y,miles
34,Joseph Patel,007-75-6854,"USCGC Long
FPO AP 87710",N,miles
35,Samantha Wiggins,288-45-8420,"29309 Bryan Haven Apt. 779
Lake Amyshire, AR 23342",Y,hours
36,Amber Schaefer,204-86-5720,"572 Peters Via Suite 115
Lake Aaronville, PR 69378",Y,miles
37,Michael Nolan,772-18-0666,"560 Greer Crossroad
Kimberlyshire, AK 58898",N,miles
38,Karen Lee,673-71-6431,"03698 Johnson Shores Apt. 422
Michaelshire, MH 96614",N,hours
39,Mr. David Grant,263-83-6371,"78688 Mitchell Villages
Ellisonhaven, DC 69494",Y,hours
40,Kathy Holland,030-83-5914,"89247 Mayer Avenue
West Denise, AL 11154",Y,miles
41,Russell Anderson,303-28-2615,"2192 Jacob Points
Fowlerport, DC 22105",Y,miles
42,Jason Green,436-77-6017,"786 Ibarra Coves
Michelehaven, MT 22733",Y,miles
43,John Ellis Jr.,608-69-3889,"13716 Hannah Groves Suite 115
Millsshire, RI 29342",Y,hours
44,David Wilson,265-90-3595,"326 Cross Coves
Williamtown, OK 81491",N,hours
45,Dakota Walls,456-94-3265,"4802 Cain Plaza
Nathanville, NV 27190",N,miles
46,Dawn Nunez,493-08-0527,"81880 Yang Mills
Shawhaven, NV 88278",N,hours
47,Andrea Morgan,176-63-5877,"5346 Lutz Track
New Chelseahaven, AK 77389",N,hours
48,Cindy Smith,506-53-4349,"9803 Erin Pine
Robertview, WI 98870",Y,miles
49,Robert Strickland,752-73-9398,"710 Anthony Common
Jacksonborough, MT 55725",Y,miles
50,Judith Howard,095-78-6110,"97376 Wendy Canyon Suite 401
Port Michael, SC 71503",Y,miles
51,Michael Acevedo,178-07-0407,"Unit 9145 Box 5017
DPO AP 17088",Y,hours
52,David Gill,657-11-1181,"1606 Merritt Spring
South Christina, IA 08109",N,hours
53,Janice Mendez,872-61-1806,"04664 Acosta Road
North Phillip, SC 49737",Y,hours
54,Brittany Campos,687-44-4529,"69786 Peters Brook Apt. 214
Ariasborough, TX 04955",Y,hours
55,Wesley Roberts,459-97-2182,"446 Wells Loop
Websterbury, IL 79630",Y,miles
56,Cassandra Smith,081-01-6525,"96111 Julian Dale Apt. 389
North Rachael, SD 68393",Y,hours
57,Paula Pineda,790-75-5918,"753 Carter Squares
South Amymouth, WY 78229",N,hours
58,Barbara Leblanc,725-54-4814,"2622 Timothy Points Apt. 071
Edwardston, WI 15599",Y,hours
59,Robin Smith,109-56-3772,"Unit 4560 Box 4988
DPO AE 90065",N,miles
60,Edward Wallace,461-07-5811,"30864 Collins Isle
West Ana, SD 95522",Y,miles
61,David Martin,697-59-1121,"PSC 9846, Box 5734
APO AE 12698",N,miles
62,Christine Smith,125-96-2134,"7554 Carrie Haven
North Barbaraland, MS 31555",N,hours
63,Michael Lopez,668-32-9508,"PSC 0291, Box 8265
APO AP 04142",Y,miles
64,Lisa Brown,343-78-1332,"PSC 5850, Box 6096
APO AA 20864",Y,hours
65,Adam Anthony,592-40-6935,"81482 Padilla Loop Suite 277
West Leslie, ME 77102",N,miles
66,Kirk Harper,150-02-4854,"289 Audrey Harbor Suite 153
East Michellefort, PW 76838",N,hours
67,Jeffrey Galvan,233-96-0499,"420 Beard Highway Apt. 503
New Jose, NJ 61941",Y,miles
68,Carrie Goodman,843-32-5067,"690 Brenda Center Apt. 557
Andersonbury, IA 88861",Y,hours
69,Anthony Foley,322-70-2584,"8066 Beverly Route
West Audrey, DC 06923",N,miles
70,Robert Shaw,393-32-0863,"707 Savage Throughway Apt. 880
North Erica, MP 91143",Y,miles
71,Michael Wood,306-62-5719,"197 Richardson Stream
North Kennethton, AZ 27182",N,miles
72,Elizabeth Johnston PhD,630-47-5362,"66805 Hale Way Suite 605
Robertfurt, MH 71300",Y,hours
73,Jessica Hopkins,235-31-7912,"936 Randy Square
Georgeborough, VT 77385",Y,hours
74,Julia Byrd,059-24-5391,"891 Bryan Vista
Greenville, AK 32758",N,hours
75,Allison Jordan,107-47-1980,"11995 Sarah Extension Apt. 343
Smithburgh, NM 54186",Y,hours
76,David Bryant,628-83-5534,"3166 Glenda Common
Lucasland, TX 67781",Y,hours
77,Justin Downs,136-20-0860,"03133 Nathan Hollow
Walkerville, CA 36522",Y,miles
78,Anthony Ballard,271-79-2140,"217 Jason Tunnel Suite 706
Trevinoburgh, PW 35906",N,hours
79,Michelle Cooper,761-97-0686,"687 Jennifer Junctions
West Todd, TN 47981",N,hours
80,Gregory Velazquez,834-46-3318,"1248 Robinson Loaf
Pamelatown, IN 27693",Y,hours
81,Mario Spence,177-15-7849,"4396 Martin Ways Apt. 733
Hernandezville, ID 23648",Y,hours
82,James Graham,587-80-0119,"PSC 0066, Box 3470
APO AE 15500",N,miles
83,Daniel Tyler III,832-43-6626,"93397 Eric Cliff
Jonesborough, KS 74790",N,hours
84,Anna Golden,513-41-4973,"PSC 8464, Box 3161
APO AP 43134",N,hours
85,Michael Zimmerman,427-32-3546,"96751 Brown Bypass Apt. 387
Melaniemouth, OK 35547",N,miles
86,Carla Jarvis,685-96-0873,"PSC 3490, Box 7987
APO AP 74690",Y,hours
87,Sandra Perez,567-09-5053,"32392 Reginald Trafficway
Nguyenmouth, MD 09322",Y,hours
88,Madeline Singh,610-62-8462,"4499 Henson Fords
North Bobfurt, DC 81873",N,miles
89,Christopher Perkins,011-53-5197,"89210 Alvarado Lakes Suite 117
North Coryborough, MD 71886",Y,miles
90,Samantha Fox,174-73-1062,"100 Johnson Lane Suite 987
Anitamouth, TX 63368",Y,hours
91,Angela Vasquez,054-70-3399,"66900 Danielle Vista
Lucasview, WI 93903",N,miles
92,Meagan Griffith,202-79-9956,"37562 Alexander Route Suite 881
East Sandraland, NJ 75019",Y,miles
93,Lisa Dickson,414-53-0532,"908 Trevor Knoll
Tiffanychester, MD 02755",N,hours
94,Jeffrey Scott,322-89-7400,"Unit 2382 Box 5522
DPO AA 38702",Y,miles
95,Christina Ball,354-63-3231,"052 Anderson Streets
Carrborough, OH 37236",Y,miles
96,Elizabeth Gray,363-66-8211,"63662 Snyder Dale
Dyermouth, KS 47586",Y,hours
97,Alice Kaiser,802-11-5572,"182 Rodriguez Rapids Suite 460
Jonathanside, OK 79976",Y,hours
98,Michael Ward,670-94-8679,"66514 Sara Square Apt. 471
East Helenchester, ID 00972",N,miles
99,Darren Blankenship,162-30-6861,"56897 Zachary Island
Watsonchester, CA 03817",N,miles
100,Kimberly Gardner,861-83-1123,"630 Lauren Ways Apt. 582
Carolport, MI 63893",Y,hours
101,Allison Schmidt,235-14-2478,"373 Morris Union
East Christina, FM 29993",N,hours
102,Lawrence Taylor,318-18-2269,"0188 Amanda Unions
New Josephside, UT 71876",Y,miles
103,Cheryl Armstrong,561-57-6825,"639 Robert Hills
Port Catherine, CO 99578",N,miles
104,Bianca Dixon,213-11-3128,"99199 Ryan Rue
Conniehaven, PR 21173",N,miles
105,Regina Mitchell,790-07-2958,"PSC 2509, Box 5978
APO AE 88493",N,miles
106,Robert Weber,347-68-7302,"9493 Tamara Point
Port Ronaldborough, ME 68498",Y,hours
107,Haley Erickson,222-35-6940,"79903 Robinson Loaf
Delacruzfort, MN 61839",N,hours
108,Alexander Yang,415-23-4812,"01783 Gray Mountain
Danielside, AR 04484",Y,miles
109,Brittney Moody,772-89-8803,"88209 Robert Junction
Greenshire, NV 16058",Y,hours
